,Gender,Marital_Status
Gender,1.0,-0.011603156298394944
Marital_Status,-0.011603156298394944,1.0
